{
  "data_quality": {
    "total_rounds_analyzed": 2601262,
    "rank_controlled_rounds": 1029978,
    "ranking_data_coverage": 0.7007786989545843,
    "rank_control_method": "hltv_rankings"
  },
  "equipment_advantage_impact": {
    "same_tier_correlation": 0.42294334485272933,
    "same_tier_win_rates": {
      "T1 Behind": 0.2683173498316033,
      "T1 Slightly Behind": 0.47008415237361084,
      "Balanced": 0.5061606516469713,
      "T1 Slightly Ahead": 0.5440228238063559,
      "T1 Ahead": 0.7430509540202608
    }
  },
  "survivor_distributions_controlled": {
    "winning_team": {
      "mean": 2.9721663957870943,
      "std": 1.2473545972002242,
      "distribution": {
        "0": 8740,
        "1": 134532,
        "2": 233350,
        "3": 280005,
        "4": 246736,
        "5": 126615
      }
    },
    "losing_team": {
      "mean": 1.0085875620644325,
      "std": 0.5876633345963976,
      "distribution": {
        "0": 124250,
        "1": 812812,
        "2": 60700,
        "3": 25327,
        "4": 5815,
        "5": 1074
      }
    }
  },
  "equipment_saved_rates_controlled": {
    "0": {
      "saved_percentage_mean": 0.0,
      "saved_percentage_std": 0.0,
      "win_rate": 0.07
    },
    "1": {
      "saved_percentage_mean": 143.4,
      "saved_percentage_std": 169.75,
      "win_rate": 0.14
    },
    "2": {
      "saved_percentage_mean": 247.99,
      "saved_percentage_std": 221.4,
      "win_rate": 0.79
    },
    "3": {
      "saved_percentage_mean": 337.56,
      "saved_percentage_std": 211.56,
      "win_rate": 0.92
    },
    "4": {
      "saved_percentage_mean": 428.16,
      "saved_percentage_std": 190.67,
      "win_rate": 0.98
    },
    "5": {
      "saved_percentage_mean": 517.67,
      "saved_percentage_std": 150.71,
      "win_rate": 0.99
    }
  },
  "skill_tier_parameters": {
    "Outside Top 50": {
      "sample_size": 782043,
      "base_win_rate": 0.5107097691559159,
      "equipment_correlation": 0.4239369785711871,
      "avg_survivors_win": 2.9782672378610755,
      "avg_survivors_loss": 1.0017823262231933
    },
    "Top 50": {
      "sample_size": 85556,
      "base_win_rate": 0.5006779185562672,
      "equipment_correlation": 0.4192240981645021,
      "avg_survivors_win": 2.9954244093752918,
      "avg_survivors_loss": 1.0236657303370786
    },
    "Top 30": {
      "sample_size": 118922,
      "base_win_rate": 0.5051546391752577,
      "equipment_correlation": 0.42131154828742834,
      "avg_survivors_win": 3.0156640143822617,
      "avg_survivors_loss": 1.019168026101142
    },
    "Top 10": {
      "sample_size": 43457,
      "base_win_rate": 0.5053731274593276,
      "equipment_correlation": 0.41620036011843925,
      "avg_survivors_win": 3.020080138420909,
      "avg_survivors_loss": 1.0496859734822053
    }
  },
  "metadata": {
    "export_timestamp": "20251026_110019",
    "analysis_version": "1.0_rank_controlled",
    "database": "csgo_parsed",
    "ranking_source": "hltv_events_teams",
    "description": "CS:GO ABM parameters with HLTV ranking controls for skill-aware modeling"
  }
}